campaign_donation_id,campaign_id,donation_id
1,1,106
2,2,107
3,3,108
4,4,109
5,5,110
6,6,111
7,7,112
8,8,113
9,9,114
10,1,115
11,2,116
12,3,117
13,4,118
14,5,119
15,6,120
16,7,121
17,8,122
18,9,123
19,1,124
20,2,125
21,3,126
22,4,127
23,5,128
24,6,129
25,7,130
26,8,131
27,9,132
28,1,133
29,2,134
30,3,135
31,4,136
32,5,137
33,6,138
34,7,139
35,8,140
36,9,141
37,1,142
38,2,143
39,3,144
40,4,145
41,5,146
42,6,147
43,7,148
44,8,149
45,9,150
46,1,151
47,2,152
48,3,153
49,4,154
50,5,155
51,6,156
52,7,157
53,8,158
54,9,159
55,1,160
56,2,161
57,3,162
58,4,163
59,5,164
60,6,165
61,7,166
62,8,167
63,9,168
64,1,169
65,2,170
66,3,171
67,4,172
68,5,173
69,6,174
70,7,175
71,8,176
72,9,177
73,1,178
74,2,179
75,3,180
76,4,181
77,5,182
78,6,183
79,7,184
80,8,185
81,9,186
82,1,187
83,2,188
84,3,189
85,4,190
86,5,191
87,6,192
88,7,193
89,8,194
90,9,195
91,1,101
92,2,102
93,3,103
94,4,104
95,5,105
96,6,95
97,7,96
98,8,97
99,9,98
100,1,99
